Month,Longitude,Latitude,Location,Crime.type,Postcode
2015-12,-7.315169,54.590452,ASHBOURNE GROVE,Anti-social behaviour,BT781HG
2017-12,-5.901225,54.597987,MAJOR STREET,Violence and sexual offences,BT54HL
2016-03,-5.962383,54.597639,FORT STREET,Anti-social behaviour,BT127BH
2016-06,-5.91327,54.568823,KNOCKBREDA PARK,Violence and sexual offences,BT60HB
2015-04,-6.278223,54.865264,MILL STREET,Anti-social behaviour,BT941GR
2015-06,-5.990915,54.676213,BLACKWATER BUSINESS PARK,Vehicle crime,
2015-07,-5.927828,54.598562,ARTHUR SQUARE,Shoplifting,BT14FF
2017-09,-5.894799,54.576769,PICARDY AVENUE,Criminal damage and arson,BT69JB
2016-08,-5.797764,54.586974,ENLER PARK WEST,Anti-social behaviour,BT162DS
2016-08,-6.339799,54.173671,MILL STREET,Violence and sexual offences,BT941GR
2017-08,-6.514038,54.633001,ST. MALACHY'S PARK,Anti-social behaviour,
2015-10,-6.939489,54.596088,SHANROY PARK,Criminal damage and arson,BT702RP
2016-04,-5.999062,54.754506,CAMERON COURT,Other theft,BT399UZ
2016-08,-7.28617,54.986141,MANORWOOD,Anti-social behaviour,BT476FD
2015-07,-6.235268,54.483897,CASTLE AVENUE,Anti-social behaviour,BT670NH
2016-09,-6.212749,54.718511,MOUNT ORIEL COURT,Anti-social behaviour,BT414JU
2017-05,-5.779202,54.810312,BALLYLIG ROAD,Anti-social behaviour,BT437HH
2015-10,-6.260527,54.42031,MAIN STREET,Anti-social behaviour,BT936HW
2016-10,-5.920207,54.608719,DOCK STREET,Anti-social behaviour,BT828EE
2017-02,-6.73477,54.637324,LOMOND,Violence and sexual offences,BT808XW
2016-07,-7.310643,54.995525,BONDS HILL,Anti-social behaviour,BT476DW
2015-05,-6.143222,54.419192,BRAESIDE MANOR,Anti-social behaviour,BT251SA
2017-08,-6.047399,54.506129,HILLSBOROUGH ROAD,Anti-social behaviour,BT252BL
2017-03,-6.523642,54.810093,BIRCHWOOD,Anti-social behaviour,BT797RA
2016-05,-6.030235,54.557019,WOODSIDE VIEW,Anti-social behaviour,BT170ST
2015-11,-6.36561,54.444859,HILLCREST MANOR,Violence and sexual offences,BT655BX
2015-07,-6.443889,54.426613,WHITTEN CLOSE,Anti-social behaviour,BT621AR
2016-09,-5.931412,54.595937,HOWARD STREET,Theft from the person,BT16PJ
2016-03,-7.324092,55.031073,BROOKDALE CRESCENT,Anti-social behaviour,BT488JU
2017-07,-6.043887,54.512739,RAILWAY STREET,Criminal damage and arson,BT617HP
2015-05,-6.044499,54.513512,RAILWAY STREET,Criminal damage and arson,BT617HP
2017-09,-7.68658,54.451244,TULLYLAMMY ROAD,Anti-social behaviour,
2017-05,-5.892164,54.595152,FACTORY STREET,Shoplifting,BT55AW
2015-09,-6.313161,54.186203,ARDFREELIN,Anti-social behaviour,BT341JG
2015-01,-6.267384,54.351244,CASTLEWELLAN ROAD,Violence and sexual offences,BT308RD
2016-08,-6.354003,54.450209,DRUMBEG,Public order,BT655AE
2017-07,-7.099814,54.90015,KILLYCOR AVENUE,Anti-social behaviour,BT474BX
2016-02,-5.95075,54.585852,ULSTERVILLE GARDENS,Violence and sexual offences,BT97BB
2016-03,-5.839221,54.858315,GARRON WALK,Anti-social behaviour,BT402AU
2016-06,-6.213873,54.591245,MAIN STREET,Burglary,BT936HW
2017-05,-6.019609,54.577862,GLENCOLIN MANOR,Public order,BT118QN
2017-02,-5.666169,54.595019,HERON LODGE,Anti-social behaviour,BT238WQ
2017-10,-6.700116,54.444655,CLOVER HILL,Anti-social behaviour,BT717TP
2017-04,-5.911414,54.397227,GROVE ROAD,Violence and sexual offences,BT248PW
2015-08,-5.918781,54.59935,ROTTERDAM COURT,Anti-social behaviour,BT54DT
2015-06,-6.36257,54.335557,SCARVAGH LOCKS,Anti-social behaviour,BT636NB
2015-10,-5.702351,54.595523,WEST STREET,Criminal damage and arson,BT389HR
2015-12,-6.036766,54.525346,HARMONY MEWS,Anti-social behaviour,BT274EG
2015-04,-6.003244,54.761368,HAMLET WALK,Anti-social behaviour,BT399GG
2016-08,-5.947645,54.595917,MCDONNELL COURT,Violence and sexual offences,BT124DN
2015-10,-7.638098,54.344322,TOWNHALL STREET,Anti-social behaviour,BT747BD
2016-10,-5.891343,54.2222,BURRENDALE PARK ROAD,Anti-social behaviour,BT330JE
2017-04,-5.93765,54.586411,ABERCORN STREET,Anti-social behaviour,BT96UD
2017-12,-5.707394,54.582329,DAKOTA AVENUE,Violence and sexual offences,BT234QT
2015-04,-5.834546,54.711812,PRIORY DRIVE,Anti-social behaviour,BT388HZ
2016-11,-6.279061,54.864251,GALGORM STREET,Anti-social behaviour,BT435AU
2016-07,-5.997155,54.061,ROONEY ROAD,Violence and sexual offences,BT344AG
2017-04,-6.274047,54.866408,BALLYMONEY STREET,Violence and sexual offences,BT436AN
2016-12,-6.051407,54.510479,CHAPEL HILL,Possession of weapons,BT342EX
2017-08,-5.673117,54.648698,ABBOT'S CLOSE,Anti-social behaviour,BT204EN
2016-03,-5.930446,54.599424,ROYAL AVENUE,Other theft,BT11DD
2015-04,-6.959093,54.968716,BOVEVAGH ROAD,Violence and sexual offences,BT474NR
2017-03,-7.32666,55.005685,NORTHLAND AVENUE,Violence and sexual offences,BT487JN
2015-12,-5.785884,54.729937,REGENT CRESCENT,Criminal damage and arson,BT387TZ
2015-06,-6.028613,54.79977,BRAEPARK ROAD,Anti-social behaviour,BT399UW
2015-02,-6.398311,54.19521,CHURCH ROAD,Criminal damage and arson,BT189BU
2017-07,-5.922687,54.59497,FRIENDLY STREET,Anti-social behaviour,BT72HP
2016-11,-6.4405,54.403066,HUNTINGDALE MANOR,Violence and sexual offences,BT399XZ
2015-10,-6.071552,54.516184,CAUSEWAY END GARDENS,Anti-social behaviour,BT282EF
2017-07,-7.321576,54.997635,WILLIAM STREET,Criminal damage and arson,BT486EP
2016-07,-5.966411,54.627043,BALLYSILLAN ROAD,Anti-social behaviour,BT146RE
2016-06,-6.690246,54.535045,DERRYOWEN PLACE,Burglary,BT714ST
2015-10,-6.169674,54.238603,LISSIZE AVENUE,Anti-social behaviour,BT345DE
2017-04,-5.910401,54.56083,PURDY'S LANE,Burglary,BT87AR
2017-05,-5.982601,54.620315,FORTHRIVER DALE,Violence and sexual offences,BT133TL
2016-02,-6.259557,54.771005,OLDWOOD ROAD,Other theft,BT412PP
2015-02,-5.697825,54.593191,POUND STREET,Violence and sexual offences,BT941HE
2016-08,-5.702733,54.651366,ORCHARDVILLE AVENUE,Anti-social behaviour,BT100JH
2016-01,-5.950038,54.614493,GRACEHILL COURT,Violence and sexual offences,BT147RG
2015-07,-6.33112,54.450273,BROOMHILL GROVE,Violence and sexual offences,BT670GY
2017-04,-5.979548,54.578511,ANDERSONSTOWN ROAD,Anti-social behaviour,BT119AH
2017-09,-5.926802,54.598958,ANN STREET,Shoplifting,BT546AA
2017-11,-7.31268,54.990659,BARNEWALL PLACE,Vehicle crime,BT472BJ
2017-12,-7.285604,54.608346,CASTLEVIEW PARK,Anti-social behaviour,BT797SG
2017-11,-5.958902,54.595784,EARLSCOURT STREET,Violence and sexual offences,BT127AS
2017-07,-5.661845,54.39566,ANNSFIELD PARK,Criminal damage and arson,BT309PS
2016-05,-5.911571,54.605066,QUEENS ROAD,Theft from the person,BT39FB
2016-04,-5.966078,54.686104,GLENCRAIG GARDENS,Anti-social behaviour,BT365GG
2017-05,-5.665426,54.59691,HERON CRESCENT,Anti-social behaviour,BT238WH
2015-09,-5.915973,54.690589,MONKSTOWN GARDENS,Violence and sexual offences,BT370LW
2015-12,-6.013141,54.572517,KERRYKEEL GARDENS,Anti-social behaviour,BT119HR
2017-12,-5.930446,54.599424,ROYAL AVENUE,Shoplifting,BT11DD
2016-07,-5.671459,54.661983,PRIMROSE STREET,Violence and sexual offences,BT203AZ
2017-07,-6.419198,54.42118,MANDERLEY PARK,Anti-social behaviour,BT635ER
2016-04,-5.918531,54.568455,MOYALLON GARDENS,Anti-social behaviour,BT73JQ
2017-05,-6.250353,54.103058,ORCHARD CLOSE,Anti-social behaviour,BT448DZ
2015-12,-5.696948,54.59392,FRANCES STREET,Anti-social behaviour,BT237DY
2016-08,-5.96618,54.594729,MICA STREET,Anti-social behaviour,BT127BQ
2017-09,-5.671842,54.590789,THE MEADOWS,Criminal damage and arson,BT412JB
2015-10,-6.550424,54.776708,RIVERSIDE SOUTH,Anti-social behaviour,BT458BE
2015-02,-5.931447,54.615381,ROBINA COURT,Anti-social behaviour,BT152LL
2015-02,-5.896006,54.58095,GRAHAM GARDENS,Criminal damage and arson,BT281XE
2015-02,-5.939421,54.641394,DOWNVIEW PARK WEST,Anti-social behaviour,BT155HP
2017-10,-6.679479,55.128391,LAUREL AVENUE,Anti-social behaviour,BT513DH
2016-01,-5.928754,54.611409,HILLMAN COURT,Violence and sexual offences,BT152DY
2015-06,-6.667091,55.12751,MOUNTSANDEL ROAD,Violence and sexual offences,BT521TA
2016-10,-7.63961,54.345485,PAGET SQUARE,Violence and sexual offences,BT747HS
2017-10,-5.798491,54.594148,ROBBS COURT,Violence and sexual offences,BT162NY
2017-09,-6.170687,54.238932,LISSIZE PARK,Violence and sexual offences,BT345DF
2015-10,-5.804952,54.654368,DALCHOOLIN,Burglary,BT180HR
2017-08,-6.067014,54.513848,GORTMORE PARK,Anti-social behaviour,BT785DU
2015-08,-5.930446,54.599424,ROYAL AVENUE,Shoplifting,BT11DD
2015-07,-5.983531,54.599647,SPRINGFIELD HEIGHTS,Criminal damage and arson,BT133QZ
2016-11,-7.337783,55.001227,WESTWAY,Violence and sexual offences,BT489NU
2016-10,-6.357431,54.452781,MEADOWBROOK,Drugs,BT655AA
2016-06,-6.344831,54.887203,SPENCE CRESCENT,Criminal damage and arson,BT421BR
2017-08,-6.081505,54.516028,KNOCKBURN CRESCENT,Anti-social behaviour,BT282QH
2015-07,-5.999771,54.745785,MILLVIEW DRIVE,Criminal damage and arson,BT399YB
2015-01,-6.21984,54.88831,RACEVIEW ROAD,Other crime,BT424HY
2015-05,-7.459958,54.785463,CONTHEM ROAD,Anti-social behaviour,BT828NY
2017-07,-6.334754,54.46937,WOODVILLE STREET,Violence and sexual offences,BT679DQ
2015-02,-6.126182,54.617807,DUNDROD ROAD,Violence and sexual offences,BT294SR
2017-11,-6.204094,54.71735,KILGREEL ROAD,Criminal damage and arson,BT411EG
2016-03,-5.708449,54.589448,DONARD AVENUE,Criminal damage and arson,BT203QD
2016-09,-6.755538,54.644951,SINTON COURT,Anti-social behaviour,BT808QL
2015-09,-6.266259,54.341434,SUMMERHILL,Anti-social behaviour,BT323LJ
2015-12,-5.898364,54.588628,EUSTON STREET,Other theft,BT69AF
2015-09,-5.948768,54.633897,SHANLIEVE PARK,Criminal damage and arson,BT148JE
2017-10,-5.905018,54.584988,CHESHAM GROVE,Violence and sexual offences,BT68GU
2017-02,-5.922319,54.584882,RUTLAND STREET,Other crime,BT72FJ
2017-08,-7.493166,54.617021,WILLMOUNT ROAD,Possession of weapons,BT784QE
2017-10,-6.330092,54.178542,COWAN STREET,Violence and sexual offences,BT342AL
2017-02,-6.887204,54.519715,MOGHAN ROAD,Anti-social behaviour,BT703BZ
2016-10,-5.634468,54.66291,ALANWOOD PARK,Violence and sexual offences,BT205PT
2016-03,-6.005658,54.760626,RASHEE COURT,Violence and sexual offences,BT399SE
2016-01,-6.271023,54.87154,DEVENAGH WAY,Anti-social behaviour,BT436EW
2015-06,-5.958874,54.608695,HEATHER STREET,Violence and sexual offences,BT133DQ
2017-08,-5.912289,54.591035,CARRINGTON STREET,Other theft,BT68GF
2015-05,-6.140992,54.193498,ARDMORE DRIVE,Anti-social behaviour,BT601JB
2016-09,-5.687575,54.641859,LORD WARDEN'S GRANGE,Anti-social behaviour,BT191YN
2016-12,-5.701427,54.3694,SCADDY ROAD,Public order,BT309BP
2015-10,-5.924295,54.64517,GRAYMOUNT GROVE,Violence and sexual offences,BT367DX
2016-12,-5.927653,54.600778,WARING STREET,Anti-social behaviour,BT424BU
2017-06,-6.358442,54.456784,HILLCREST,Vehicle crime,BT668QU
2016-03,-5.637513,54.648646,CLOVERHILL GARDENS,Criminal damage and arson,BT196XU
2016-06,-6.745764,54.634896,GORTALOWRY PARK,Anti-social behaviour,BT808JJ
2017-06,-5.829661,54.849573,PRIORY GARDENS,Violence and sexual offences,BT403ET
2017-12,-5.952162,54.599641,FALLS COURT,Anti-social behaviour,BT132SW
2015-09,-5.713692,54.315395,ARDILEA PARK,Anti-social behaviour,BT306QA
2017-08,-7.318343,54.607853,HUNTERS CRESCENT,Violence and sexual offences,
2016-03,-7.628024,54.348046,CHANTERHILL ROAD,Violence and sexual offences,BT746DE
2015-02,-7.307712,54.997916,IONA TERRACE,Violence and sexual offences,BT476EY
2016-08,-6.35914,54.115669,NEWTOWN ROAD,Anti-social behaviour,BT358NN
2015-11,-6.928986,55.040894,EDENVALE,Criminal damage and arson,BT601JF
2015-07,-7.53427,54.380331,DERRYRAGHAN ROAD,Violence and sexual offences,BT942PE
2017-04,-6.036945,54.529006,MOUNTVIEW DRIVE,Anti-social behaviour,BT274JJ
2017-11,-5.979075,54.56401,UPPER LISBURN ROAD,Other theft,BT100LA
2015-08,-6.221591,54.733502,TIREE STREET,Criminal damage and arson,BT412TD
2015-01,-5.930334,54.599189,CASTLE STREET,Violence and sexual offences,BT307QQ
2015-02,-6.769659,55.147597,WOODEND PARK,Anti-social behaviour,BT514UY
2017-08,-7.662884,54.348211,FERNEY RISE,Anti-social behaviour,BT747NF
2016-09,-5.902498,54.673088,ABBEYVILLE STREET,Anti-social behaviour,BT370AG
2016-03,-6.014246,54.574593,CREESLOUGH PARK,Criminal damage and arson,BT119HJ
2015-11,-5.478383,54.487749,VICTORIA ROAD,Anti-social behaviour,BT41QU
2015-12,-5.890677,54.593967,BLOOMFIELD DRIVE,Other theft,BT55NY
2017-04,-5.953138,54.585129,DONEGALL GARDENS,Anti-social behaviour,BT126NU
2015-02,-7.321935,54.996721,MAGAZINE STREET,Violence and sexual offences,BT486HH
2015-07,-6.880056,54.47561,CULLENRAMER ROAD,Violence and sexual offences,BT701SD
2016-10,-7.165135,54.414016,AUGHER ROAD,Anti-social behaviour,BT760AD
2017-07,-6.339423,54.467584,LOUGH ROAD,Criminal damage and arson,BT666JJ
2016-10,-5.965073,54.5887,DONEGALL ROAD,Anti-social behaviour,BT126HN
2017-12,-5.934791,54.579318,STRANMILLIS ROAD,Other crime,BT95AA
2017-12,-5.950457,54.77382,CASTLE GREEN,Other theft,BT399GN
2016-11,-5.899913,54.599411,ST. LEONARDS CRESCENT,Violence and sexual offences,
2016-10,-5.930439,54.592551,BANKMORE STREET,Anti-social behaviour,BT71AQ
2015-02,-7.015555,55.045928,COPELAND CRESCENT,Other theft,BT235JA
2016-03,-5.932549,54.649201,THORBURN ROAD,Anti-social behaviour,BT367JA
2017-05,-5.640495,54.247866,WEST POINT,Drugs,BT307QT
2015-07,-6.526333,54.298379,GOSFORD GARDENS,Anti-social behaviour,BT601PU
2016-03,-6.65186,55.203564,VICTORIA STREET,Robbery,BT679DG
2017-07,-6.036842,54.510558,STANNUS PLACE,Anti-social behaviour,BT275AP
2016-07,-5.760682,54.832659,BALLYLUMFORD ROAD,Burglary,BT403RN
2015-11,-5.692182,54.641767,LORD WARDEN'S GLADE,Other theft,BT191GW
2017-05,-5.705102,54.59146,SPELGA PLACE,Drugs,BT344BX
2017-10,-6.047646,54.758847,KELLBURN PARK,Violence and sexual offences,BT390SJ
2016-07,-6.341752,54.176915,MONAGHAN STREET,Violence and sexual offences,BT356AA
2017-02,-6.024248,54.540479,KILLEATON GDS ROUNDABOUT,Violence and sexual offences,
2017-07,-7.321274,55.008152,ABERFOYLE CRESCENT SOUTH,Violence and sexual offences,BT487PF
2017-10,-6.021284,54.064625,GRANGE MEADOWS,Anti-social behaviour,BT344GZ
2017-06,-6.329301,54.464641,CASTLE LANE,Violence and sexual offences,BT235EB
2017-05,-6.367466,54.468316,SILVERWOOD LEAVES,Vehicle crime,BT666LB
2015-05,-5.902382,54.562839,GLENCREGAGH ROAD,Burglary,BT86FZ
2016-01,-5.650517,54.401479,BRAESIDE GARDENS,Anti-social behaviour,BT309QE
2015-08,-5.536508,54.641825,HIGH STREET,Anti-social behaviour,BT248AB
2017-11,-5.938663,54.60403,SHANKILL TERRACE,Anti-social behaviour,BT131EN
2015-03,-5.926012,54.587102,ESSEX GROVE,Anti-social behaviour,BT71GE
2017-11,-5.938663,54.60403,SHANKILL TERRACE,Criminal damage and arson,BT131EN
2015-09,-6.328017,54.460203,HIGH STREET,Burglary,BT248AB
2016-04,-5.927347,54.59859,ARTHUR SQUARE,Shoplifting,BT14FF
2015-09,-5.715024,54.320758,VIANSTOWN PARK,Anti-social behaviour,BT306DH
2016-02,-5.936445,54.624604,GLANDORE GARDENS,Criminal damage and arson,BT153FF
2015-08,-7.264213,55.034445,CLONMEEN DRIVE,Violence and sexual offences,BT476UX
2016-01,-5.876543,54.601824,SYCAMORE GROVE,Other theft,BT42RB
2016-09,-5.955965,54.613623,PROSPECT PARK,Violence and sexual offences,BT388QA
2017-11,-5.966562,54.594224,LOCAN STREET,Other theft,BT127NF
2016-08,-5.761389,54.5512,GLEN ROAD,Criminal damage and arson,BT118BU
2015-05,-7.330176,55.026319,MOSS PARK,Anti-social behaviour,BT488JZ
2016-08,-5.95079,54.598612,CONWAY STREET,Criminal damage and arson,BT132DE
2016-10,-6.148063,54.514721,DRUMCILL ROAD,Burglary,BT282TG
2016-12,-5.89589,54.403283,MAIN STREET,Other theft,BT936HW
2017-09,-6.773041,55.145242,FAIRVIEW PARK,Criminal damage and arson,BT359SP
2015-07,-5.945457,54.612637,MANOR STREET,Anti-social behaviour,BT146ED
2017-04,-6.328696,54.447328,THE HOLLOWS,Anti-social behaviour,BT667FF
2016-06,-5.928592,54.599366,CORN MARKET,Shoplifting,BT358BG
2015-04,-5.930334,54.599189,CASTLE STREET,Anti-social behaviour,BT307QQ
2017-01,-7.634071,54.342405,THE POINT,Anti-social behaviour,BT746JQ
2015-03,-7.652688,54.344571,WINDMILL HEIGHTS,Anti-social behaviour,BT747LN
2015-10,-5.705956,54.580388,SHACKLETON WALK,Drugs,BT234RE
2015-03,-7.62247,54.341659,UPPER CELTIC PARK,Burglary,BT746JA
2017-07,-7.318164,55.021914,CARNHILL,Drugs,BT488BA
2015-09,-5.989793,54.585627,GRANSHA PARK,Criminal damage and arson,BT118AU
2016-02,-6.666585,55.197214,COVEHILL COURT,Violence and sexual offences,BT568GL
2017-10,-6.417808,54.327246,TULLYMACANN ROAD,Other theft,BT622DZ
2015-12,-5.939635,54.586005,MINDS WAY,Anti-social behaviour,BT96PU
2017-06,-6.338311,54.165331,ALBERT BASIN,Anti-social behaviour,BT358QS
2015-11,-6.011421,54.747351,GRANGE VALLEY PARK,Other theft,BT399HG
2016-10,-5.843136,54.600532,CASTLEHILL DRIVE,Violence and sexual offences,BT43GS
2017-05,-6.838436,54.352505,DYAN ROAD,Drugs,BT701LG
2016-02,-5.888655,54.59598,BLOOMFIELD AVENUE,Other theft,BT55AB
2015-08,-6.05051,54.508569,MANOR DRIVE,Anti-social behaviour,BT281QX
2016-09,-7.270171,54.999214,SUMMER MEADOWS PARK,Drugs,BT476SL
2016-07,-6.32879,54.854929,GALGORM ROAD,Anti-social behaviour,BT421AA
2017-01,-5.928221,54.608794,EARL CLOSE,Shoplifting,BT151DF
2017-12,-6.102617,54.700269,CASTLETON,Violence and sexual offences,BT390AZ
2016-09,-6.675794,54.850918,SUNNYSIDE DRIVE,Violence and sexual offences,BT465BJ
2017-11,-7.294168,54.99685,ABBEYDALE,Anti-social behaviour,BT476FY
2017-12,-5.933868,54.617705,ALEXANDRA AVENUE,Other theft,BT536ET
2016-03,-6.29892,54.4341,MAIN STREET,Drugs,BT936HW
2016-06,-5.888851,54.219955,MOURNE PARK,Violence and sexual offences,BT784BL
2016-05,-5.900648,54.597474,KATHLEEN COURT,Criminal damage and arson,BT54TA
2015-12,-5.933747,54.589552,DONEGALL PASS,Violence and sexual offences,BT71DQ
2015-11,-5.889318,54.593619,GREENVILLE STREET,Anti-social behaviour,BT55AG
2015-03,-6.212749,54.718511,MOUNT ORIEL COURT,Violence and sexual offences,BT414JU
2016-04,-5.652628,54.393909,THE MOORINGS,Anti-social behaviour,BT309US
2016-07,-5.944136,54.61212,AVOCA STREET,Violence and sexual offences,BT146EN
2015-04,-6.351013,54.170869,LOANDA CRESCENT,Violence and sexual offences,BT358EZ
2017-04,-5.961046,54.635839,KILCOOLE GARDENS,Anti-social behaviour,BT148LJ
2017-03,-5.933747,54.589552,DONEGALL PASS,Violence and sexual offences,BT71DQ
2015-10,-7.328549,55.029212,FERGLEEN PARK,Drugs,BT488LE
2015-02,-7.429368,54.859405,VICTORIA ROAD,Vehicle crime,BT41QU
2017-05,-5.946404,54.626103,OLD WESTLAND ROAD,Violence and sexual offences,BT146TE
2016-02,-6.267384,54.351244,CASTLEWELLAN ROAD,Violence and sexual offences,BT308RD
2016-05,-5.957446,54.604448,BATTENBERG STREET,Violence and sexual offences,BT133AU
2016-09,-5.941034,54.684845,BRACKENS COURT,Anti-social behaviour,BT366SJ
2015-05,-6.177656,54.708537,ASHGROVE,Anti-social behaviour,BT601PZ
2016-10,-7.617188,54.330979,BLACKSTICK ROAD,Vehicle crime,
2016-01,-7.631751,54.343988,ROUNDABOUT,Anti-social behaviour,
2016-05,-6.047399,54.506129,HILLSBOROUGH ROAD,Anti-social behaviour,BT252BL
2015-09,-6.339799,54.173671,MILL STREET,Violence and sexual offences,BT941GR
2016-07,-7.31035,54.993493,CLOONEY TERRACE,Anti-social behaviour,BT476AP
2015-07,-5.93162,54.539631,BALLYCOAN ROAD,Violence and sexual offences,BT88LP
2016-09,-5.928439,54.613038,GLENROSA STREET,Other theft,BT152JB
2015-07,-5.918121,54.600758,STATION STREET,Violence and sexual offences,BT39DA
2017-05,-6.025913,54.509517,MEETING HOUSE LANE,Violence and sexual offences,BT275BY
2015-06,-6.69121,54.446455,THE SQUARE,Anti-social behaviour,BT717SG
2015-08,-6.70017,55.169459,AGHERTON ROAD,Other crime,BT557PJ
2017-03,-6.019877,54.565961,HAZELWOOD AVENUE,Anti-social behaviour,BT170SY
2017-07,-6.750892,54.493794,GORTMERRON LINK,Shoplifting,BT716LS
2016-01,-7.341735,55.010887,KYLEMORE PARK,Violence and sexual offences,BT480RP
2015-03,-6.65322,54.352655,LISANALLY LANE,Violence and sexual offences,BT617HE
2015-02,-7.319963,54.996961,SHIPQUAY STREET,Theft from the person,BT486DN
2016-10,-5.459781,54.495025,MOAT ROAD,Anti-social behaviour,BT424AA
2016-04,-7.323869,55.001573,ASYLUM ROAD,Bicycle theft,BT487DL
2016-03,-6.002131,54.547214,GLENBURN ROAD,Violence and sexual offences,BT234HG
2017-12,-5.908939,54.657278,MERVILLE MEWS,Anti-social behaviour,BT379SP
2015-05,-5.83069,54.460525,BELFAST ROAD,Criminal damage and arson,BT248EB
2016-02,-6.387442,54.123294,RATH GULLION,Drugs,BT358GN
2015-02,-7.277693,55.00676,CAW HILL PARK,Burglary,BT476XX
2015-11,-6.345605,54.177462,MONAGHAN STREET,Anti-social behaviour,BT356AA
2017-03,-6.60697,54.753474,KIRK AVENUE,Criminal damage and arson,BT456BT
2015-12,-5.795572,54.72394,CORONATION CRESCENT,Violence and sexual offences,BT387HB
2017-11,-5.940776,54.620113,RICHMOND SQUARE,Drugs,BT155BW
2017-05,-6.248327,54.344742,OLD MANSE GREEN,Other theft,BT324QY
2016-08,-5.668831,54.648328,BRAESIDE CLOSE,Anti-social behaviour,BT204EQ
2017-07,-5.897932,54.59731,BRIGHT STREET,Anti-social behaviour,BT54JF
2017-03,-6.345128,54.45618,DRUMLIN DRIVE,Criminal damage and arson,BT668PG
2015-11,-5.991937,54.58073,BINGNIAN DRIVE,Shoplifting,BT118JD
2016-03,-7.327708,55.02803,FERGLEEN PARK,Violence and sexual offences,BT488LE
2015-05,-5.710028,54.66492,KILLAIRE CLOSE,Criminal damage and arson,BT191FW
2015-07,-6.352811,54.481801,TURMOYRA COURT,Other theft,BT666SD
2016-12,-5.930117,54.652844,MULDERG DRIVE,Anti-social behaviour,BT367JY
2016-07,-5.863533,54.597588,ARDGREENAN DRIVE,Violence and sexual offences,BT43FQ
2015-08,-6.352147,54.180112,HOSPITAL ROAD,Anti-social behaviour,BT358PW
2016-05,-6.650776,54.36482,DRUMSILL PARK,Drugs,BT618EG
2017-06,-6.521854,54.296914,MOWHAN ROAD,Criminal damage and arson,BT601RQ
2017-02,-5.988973,54.75433,HENRYVILLE MEADOWS,Anti-social behaviour,BT399FY
2017-11,-5.960159,54.592292,BROADWAY,Violence and sexual offences,BT126HQ
2017-09,-6.653657,54.345886,DOBBIN STREET,Vehicle crime,BT617QQ
2016-08,-7.525068,54.261585,DRUMCON ROAD,Anti-social behaviour,BT945JU
2017-04,-7.630614,54.340481,DERRYCHARA ROAD,Other theft,BT746JF
2016-04,-5.687886,54.648127,ROSTREVOR DRIVE,Criminal damage and arson,BT191AG
2017-01,-5.713003,54.328915,CROFT CLOSE,Anti-social behaviour,BT440EW
2017-09,-7.318823,54.996883,FOYLE STREET,Anti-social behaviour,BT486XY
2015-10,-6.273368,54.859687,WARING STREET,Other theft,BT424BU
2017-05,-6.748148,54.638442,RATHMORE,Anti-social behaviour,BT343SF
2017-10,-6.047924,54.505814,ELMWOOD DRIVE,Violence and sexual offences,BT203LJ
2015-07,-6.375944,54.189636,CLOUGHREAGH PARK,Violence and sexual offences,BT357EH
2017-04,-6.295063,54.846024,ROSSES FARM,Other crime,BT422SG
2016-08,-5.935231,54.610971,SHERIDAN STREET,Violence and sexual offences,BT152BT
2017-01,-6.6681,54.353404,DESART LANE GARDENS,Anti-social behaviour,BT618AP
2016-09,-5.912171,54.662239,ABBEY CRESCENT,Anti-social behaviour,BT379PD
2016-03,-5.932404,54.586753,BOTANIC AVENUE,Other theft,BT71JL
2016-01,-5.938485,54.253774,DRUMEE DRIVE,Anti-social behaviour,BT319EL
2016-06,-7.330142,55.033065,GLENDALE ROAD,Anti-social behaviour,BT488GR
2017-04,-5.930154,54.597254,DONEGALL SQUARE NORTH,Violence and sexual offences,BT15GB
2016-11,-5.796282,54.593802,CRAIGNISH CRESCENT,Anti-social behaviour,BT162NP
2016-08,-5.819435,54.72386,BLACKTHORN PARK,Criminal damage and arson,BT388ER
2017-09,-5.927064,54.584353,RUGBY AVENUE,Anti-social behaviour,BT203PZ
2016-07,-7.039987,55.006221,LARCH ROAD,Burglary,BT499NE
2016-09,-5.908367,54.662066,WOODLAND CRESCENT,Anti-social behaviour,BT379QQ
2016-04,-5.928635,54.592727,ORMEAU AVENUE,Theft from the person,BT28HB
2016-01,-5.932635,54.591645,VENTRY STREET,Violence and sexual offences,BT27JP
2015-03,-7.335188,55.027739,THE MEADOWS,Anti-social behaviour,BT412JB
2015-01,-6.339564,54.180676,ERSKINE STREET,Anti-social behaviour,BT356BX
2015-11,-6.075274,54.526028,MOURNEVIEW CRESCENT,Criminal damage and arson,BT283HD
2015-06,-6.209088,54.710749,GREENVALE DRIVE,Criminal damage and arson,BT808HN
2017-07,-5.952344,54.613903,ROTHSAY SQUARE,Criminal damage and arson,BT147BY
2015-12,-6.376784,54.319756,MONCLONE ROAD,Vehicle crime,BT636LG
2015-09,-6.270749,54.347663,THE CUT,Violence and sexual offences,BT324EW
2015-03,-5.930305,54.598533,DONEGALL PLACE,Anti-social behaviour,BT15AB
2016-11,-6.036994,54.531217,MOSS ROAD,Drugs,BT222DS
2017-11,-6.321481,54.453356,WOODFORD PARK,Violence and sexual offences,BT513LJ
2015-11,-5.93091,54.587824,WOLSELEY STREET,Criminal damage and arson,BT71LG
2017-05,-5.886518,54.591827,BRAMCOTE STREET,Other theft,BT55JL
2017-01,-5.758467,54.39327,WESTLAND CLOSE,Drugs,BT309HQ
2017-01,-5.910513,54.586736,RAVENHILL COURT,Violence and sexual offences,BT68FS
2017-12,-5.930089,54.663751,WEST CRESCENT,Violence and sexual offences,BT379DT
2016-02,-5.892253,54.528699,IVANHOE AVENUE,Violence and sexual offences,BT88BN
2015-02,-6.038752,54.520967,STRANGFORD ROAD,Burglary,BT306SL
2017-03,-5.928635,54.592727,ORMEAU AVENUE,Criminal damage and arson,BT28HB
2015-03,-6.74201,54.647632,UNION STREET,Other crime,BT536HT
2016-10,-5.671813,54.659042,RAILWAYVIEW STREET,Anti-social behaviour,BT203BY
2017-11,-5.812172,54.57161,GILNAHIRK ROAD,Violence and sexual offences,BT57QL
2016-05,-5.963362,54.595086,BEECHMOUNT WALK,Anti-social behaviour,BT127NS
2016-07,-7.608761,54.352369,ASHDALE,Violence and sexual offences,BT522DD
2017-12,-6.670388,55.128804,NEW ROW,Violence and sexual offences,BT521AF
2015-02,-5.936677,54.593421,SANDY ROW,Anti-social behaviour,BT125EU
2017-09,-5.970114,54.587823,HUGO STREET,Anti-social behaviour,BT126ET
2015-02,-7.630614,54.340481,DERRYCHARA ROAD,Shoplifting,BT746JF
2017-01,-6.515408,55.068083,MEETING HOUSE STREET,Anti-social behaviour,BT210HJ
2015-10,-5.954294,54.621008,OLDPARK ROAD,Violence and sexual offences,BT146QS
2017-10,-5.96233,54.587243,RODNEY PARADE,Violence and sexual offences,BT126EE
2015-05,-6.653933,55.199392,METROPOLE ROUNDABOUT,Drugs,
2016-06,-5.93594,54.611343,ANTRIM ROAD,Burglary,BT152AH
2016-01,-6.333546,54.179102,SANDYS STREET,Anti-social behaviour,BT341EN
2017-08,-7.346162,55.02602,WHITEHOUSE PARK,Drugs,BT480QA
2016-05,-5.704734,54.587275,CARMEEN GARDENS,Anti-social behaviour,BT234PP
2017-02,-6.02514,54.548257,BROOM PARK,Violence and sexual offences,BT170DL
2015-05,-5.932536,54.603072,UNION STREET,Vehicle crime,BT536HT
2017-08,-7.643856,54.347106,CASTLE STREET,Anti-social behaviour,BT307QQ
2017-01,-5.978141,54.580374,BLACKSTAFF ROAD,Other crime,BT119DT
2015-09,-5.693351,54.289164,CONIAMSTOWN ROAD,Criminal damage and arson,BT308LX
2015-04,-5.950457,54.77382,CASTLE GREEN,Other theft,BT399GN
2017-01,-5.957396,54.671852,CARNMONEY ROAD,Anti-social behaviour,BT366JR
2017-11,-7.349589,55.021017,O'CASEY COURT,Possession of weapons,BT480PS
2017-04,-5.932404,54.586753,BOTANIC AVENUE,Anti-social behaviour,BT71JL
2017-11,-6.3359,54.468496,VICTORIA STREET,Criminal damage and arson,BT679DG
2016-02,-6.692828,54.534489,TORRENT DRIVE,Violence and sexual offences,BT714SG
2017-03,-6.03074,54.509336,CROMWELL CLOSE,Violence and sexual offences,BT275DL
2015-04,-7.310804,54.995257,BONDS HILL,Anti-social behaviour,BT476DW
2016-02,-6.625836,54.181256,CORTAMLAT ROAD,Anti-social behaviour,BT350EL
2017-08,-6.220506,54.71399,CLARKE COURT,Violence and sexual offences,BT414JS
2016-08,-7.318992,54.995249,NEWMARKET STREET,Violence and sexual offences,BT486EB
2015-05,-5.94736,54.582219,MELROSE STREET,Burglary,BT97DP
2017-04,-5.671211,54.59641,ABBEYDALE PARK,Anti-social behaviour,BT238RE
2017-11,-5.90134,54.20621,COMMEDAGH PARK,Anti-social behaviour,BT319EF
2015-12,-5.930443,54.586675,WOLSELEY STREET,Anti-social behaviour,BT71LG
2016-05,-6.695978,55.106048,DUNDERG ROAD,Other theft,BT514NE
2017-06,-5.921401,54.669379,KYLEMORE BEND,Violence and sexual offences,BT379JP
2015-08,-5.9372,54.62468,GLANTANE DRIVE,Criminal damage and arson,BT153FE
2017-05,-7.300818,54.600108,SCARFFES ENTRY,Anti-social behaviour,
2017-11,-5.702351,54.595523,WEST STREET,Violence and sexual offences,BT389HR
2015-03,-5.678325,54.47189,THE SPIRES,Anti-social behaviour,BT251QE
2016-02,-5.892588,54.573756,SOMME DRIVE,Anti-social behaviour,BT69JJ
2017-10,-7.577537,54.659269,CLAREMORE ROAD,Anti-social behaviour,BT817RF
2015-06,-5.665859,54.661794,BINGHAM STREET,Anti-social behaviour,BT205DW
2016-07,-6.36008,54.77918,PORTGLENONE ROAD,Anti-social behaviour,BT413BE
2015-03,-5.928455,54.549631,DRUMART GREEN,Shoplifting,BT87EZ
2017-06,-5.899667,54.590062,EUSTON STREET,Anti-social behaviour,BT69AF
2016-05,-5.913871,54.691362,JENNINGS DRIVE,Violence and sexual offences,BT370ND
2017-05,-6.38824,54.91862,CARCLINTY ROAD,Anti-social behaviour,BT421PH
2016-11,-5.976269,54.609391,WESTWAY DRIVE,Burglary,BT133NQ
2015-07,-7.286481,55.001198,SEYMOUR GARDENS,Anti-social behaviour,BT476ND
2016-08,-6.212796,54.594293,GLEN RIVER PARK,Anti-social behaviour,BT294FX
2016-10,-6.510709,55.073209,ARMSTRONG DRIVE,Anti-social behaviour,BT536EN
2017-12,-5.950052,54.610217,CRUMLIN ROAD,Violence and sexual offences,BT147EA
2016-02,-6.67149,54.68992,BRIDGER STREET,Criminal damage and arson,BT457PP
2017-07,-5.84799,54.258508,ST. DONARDS WALK,Violence and sexual offences,
2017-04,-5.683816,54.595727,ABBEY ROAD,Shoplifting,BT222DG
2017-09,-5.901479,54.597254,HARVEY COURT,Anti-social behaviour,BT54HA
2015-07,-5.891275,54.518618,BLENHEIM DRIVE,Anti-social behaviour,BT234RB
2016-01,-5.989518,54.566089,FINAGHY ROAD NORTH,Criminal damage and arson,BT119EG
2015-12,-6.370253,54.449055,LEGAHORY CENTRE,Anti-social behaviour,BT655BE
2016-02,-5.947991,54.611494,OLDPARK ROAD,Violence and sexual offences,BT146QS
2015-08,-6.33463,55.011931,BALLYVEELY ROAD,Criminal damage and arson,BT449NW
2015-03,-5.947116,54.609206,TUDOR PLACE,Other theft,BT131LY
2015-06,-7.32743,55.001701,CLARENDON MANOR,Anti-social behaviour,BT487TH
2016-10,-5.928592,54.599366,CORN MARKET,Anti-social behaviour,BT358BG
2015-01,-5.889829,54.40014,LOUGHSIDE DRIVE,Other crime,BT248HA
2017-05,-6.669365,55.135512,RIVERSDALE ROAD,Anti-social behaviour,BT472PG
2016-01,-5.974864,54.624903,SILVERSTREAM TERRACE,Anti-social behaviour,BT148GH
2016-01,-5.606579,54.258807,QUAY STREET,Anti-social behaviour,BT307SA
2017-05,-5.931149,54.595941,DONEGALL SQUARE WEST,Other theft,BT16JH
2017-04,-5.933314,54.588629,BOTANIC AVENUE,Violence and sexual offences,BT71JL
2016-08,-6.169025,54.732719,BALLYNOE ROAD,Anti-social behaviour,BT308AR
2016-01,-5.976067,54.630296,SQUIRES VIEW,Criminal damage and arson,BT148FS
2017-05,-5.918231,54.688292,ABBEY GREEN,Anti-social behaviour,BT370EF
2016-12,-6.937259,55.068733,LILAC AVENUE,Anti-social behaviour,BT490HS
2016-03,-6.023154,54.508466,BURN BRAE COURT,Anti-social behaviour,BT324GD
2015-05,-5.958754,54.612637,BROOKFIELD PLACE,Anti-social behaviour,BT147FN
2016-11,-6.876401,54.995441,DRUMSURN ROAD,Robbery,BT490PD
2017-12,-5.882878,54.511652,KILLYNURE ROAD,Violence and sexual offences,BT88EE
2015-07,-7.477732,54.81133,WHIN VIEW,Anti-social behaviour,BT829TF
2016-03,-6.658542,54.3555,MOY ROAD,Violence and sexual offences,BT618DR
2017-01,-6.013242,54.542464,PINE CROSS,Burglary,BT179QY
2017-07,-5.93432,54.579454,STRANMILLIS PARK,Shoplifting,BT95AU
2015-04,-6.643957,55.201312,THE LINKS,Anti-social behaviour,BT307NB
2015-10,-6.661741,55.13656,BUSHMILLS ROAD,Violence and sexual offences,BT522BP
2016-11,-6.185575,54.711549,DONORE CRESCENT,Anti-social behaviour,BT411JA
2015-07,-5.940006,54.61603,BROOKHILL AVENUE,Other theft,BT146BS
2016-12,-6.001597,54.754117,BALLYEASTON ROAD,Burglary,BT399BP
2017-07,-5.699919,54.595567,THOMAS STREET,Criminal damage and arson,BT701HN
2015-03,-6.048732,54.511209,BOW STREET,Shoplifting,BT281AW
2015-03,-5.877782,54.592303,NORTH ROAD,Violence and sexual offences,BT237AS
2017-04,-5.706909,54.598674,GLENFORD WAY,Other theft,BT234BX
2016-03,-5.838929,54.856207,FAIRWAY,Anti-social behaviour,BT402BG
2016-04,-5.486319,54.54175,CASTLE HILL,Criminal damage and arson,BT701JP
2016-08,-5.923027,54.62415,SHORE ROAD,Violence and sexual offences,BT413NW
2016-02,-5.950865,54.605747,PARIS STREET,Drugs,BT131QA
2017-11,-6.346003,54.188968,DRUMGULLION AVENUE,Drugs,BT356PE
2016-10,-6.637117,55.196043,BALLYWILLIN CRESCENT,Violence and sexual offences,BT568GJ
2016-07,-5.675242,54.469665,STRANGFORD VIEW,Criminal damage and arson,BT222SE
2017-08,-5.925292,54.587566,POWERSCOURT PLACE,Anti-social behaviour,BT71FX
2015-05,-5.648462,54.482275,WHITEROCK BAY,Other theft,BT236QA
2015-12,-5.974391,54.593591,WESTROCK DRIVE,Anti-social behaviour,BT127QA
2016-05,-5.928253,54.591112,LINDSAY STREET,Anti-social behaviour,BT71AX
2016-04,-5.969135,54.618373,HESKETH GARDENS,Anti-social behaviour,BT147JT
2016-11,-6.673917,55.145282,PORTSTEWART ROAD,Anti-social behaviour,BT521RW
2017-11,-5.535522,54.486997,CHURCH WAY,Anti-social behaviour,BT222SN
2017-03,-6.369874,54.406194,MOSS BANK ROAD,Criminal damage and arson,BT635SL
2016-06,-7.628139,54.338722,ASHGROVE,Anti-social behaviour,BT601PZ
2017-08,-7.63731,54.355297,CARRAN CLOSE,Criminal damage and arson,BT746EN
2015-08,-5.947948,54.69658,EARLFORD HEIGHTS,Anti-social behaviour,BT365WZ
2017-04,-5.9336,54.5946,AMELIA STREET,Violence and sexual offences,BT27GS
2016-11,-7.652688,54.344571,WINDMILL HEIGHTS,Criminal damage and arson,BT747LN
2016-06,-6.277105,54.858258,QUEEN STREET,Violence and sexual offences,BT422BQ
2016-12,-5.904318,54.588076,ROSEBERY GARDENS,Burglary,BT68JG
2015-02,-6.330384,54.461152,MOORES LANE,Anti-social behaviour,BT668DW
2016-08,-6.267478,54.855399,WILSON CRESCENT,Anti-social behaviour,BT423BW
2017-11,-5.933369,54.655334,OLD THRONE PARK,Criminal damage and arson,BT367SG
2015-06,-6.269446,54.866549,GLENRAVEL PARK,Violence and sexual offences,BT437AG
2017-03,-5.932058,54.580143,COLENSO PARADE,Drugs,BT95BB
2017-12,-6.217577,54.890496,BEECHVALE,Burglary,BT424JH
2017-09,-6.345557,54.17712,PATRICK STREET,Violence and sexual offences,BT358EB
2016-01,-5.947797,54.573214,MARLBOROUGH PARK SOUTH,Other theft,BT96HR
2017-02,-6.059585,54.518104,MONAVILLE CLOSE,Burglary,BT282DG
2017-11,-5.924129,54.654799,LONGLANDS ROAD,Violence and sexual offences,BT367LY
2016-01,-6.216598,54.620566,ORCHARD ROAD,Criminal damage and arson,BT829QT
2017-06,-5.957806,54.595406,CROCUS STREET,Anti-social behaviour,BT127AP
2016-07,-5.967502,54.609505,BALLYGOMARTIN ROAD,Violence and sexual offences,BT133NA
2017-05,-6.359264,54.1818,NURSERY DRIVE,Violence and sexual offences,BT358SF
2016-01,-5.889098,54.219627,MOURNE PARK,Anti-social behaviour,BT784BL
2016-10,-5.703265,54.648806,BALLYHALBERT GARDENS,Anti-social behaviour,BT191SE
2016-10,-6.511373,55.073891,MACAFEE PLACE,Anti-social behaviour,BT536EW
2016-06,-5.944057,54.60326,DOVER PLACE,Criminal damage and arson,BT132JG
2015-05,-6.192257,54.509883,WILLOW LODGE,Drugs,BT282WL
2017-07,-5.962522,54.607876,WOODVALE STREET,Drugs,BT133DB
2015-08,-5.995609,54.55256,BEECHLAWN AVENUE,Criminal damage and arson,BT179NL
2016-06,-5.933398,54.597974,COLLEGE STREET,Violence and sexual offences,BT16ET
2016-06,-5.923835,54.617722,YORK ROAD,Other crime,BT153GU
2015-03,-5.932362,54.586663,INDIA STREET,Robbery,BT71LJ
2017-07,-6.357882,54.177235,CASTLEKEELE,Anti-social behaviour,BT358GH
2017-06,-6.215174,54.732904,GLENCRAIG MANOR,Drugs,BT412LE
2017-04,-5.686382,54.596046,BANGOR ROAD,Other theft,BT237PH
2017-01,-5.64973,54.638587,BALMORAL AVENUE,Violence and sexual offences,BT96NY
2015-07,-6.757743,54.484683,DUNORE AVENUE,Criminal damage and arson,BT717RF
2017-07,-6.663686,55.133707,RAILWAY PLACE,Anti-social behaviour,BT521PQ
2017-05,-5.703509,54.658201,RATHMORE ROAD,Criminal damage and arson,BT489BS
2016-02,-5.910189,54.583406,ARDENLEE AVENUE,Vehicle crime,BT60AE
2016-08,-5.672662,54.657207,ABBEY STREET,Violence and sexual offences,BT204JB
2015-09,-6.738154,54.650574,BEECHWAY,Anti-social behaviour,BT808LG
2017-10,-5.885035,54.577138,MEROK CRESCENT,Criminal damage and arson,BT69LZ
2015-03,-5.934292,54.600173,BERRY STREET,Shoplifting,BT11FJ
2016-07,-5.936415,54.691514,WOODFORD ROAD,Burglary,BT366TS
2015-07,-6.681354,55.121925,SPRING MEADOWS,Anti-social behaviour,BT513BJ
2017-10,-6.017855,54.379946,BEGNY HILL ROAD,Violence and sexual offences,BT252AT
2017-06,-6.67013,55.133248,CIRCULAR ROAD,Anti-social behaviour,BT234EU
2016-01,-6.246986,55.208864,CLARE ROAD,Violence and sexual offences,BT546DB
2017-08,-7.329566,54.993601,STANLEYS WALK,Criminal damage and arson,BT489HH
2015-06,-6.339799,54.173671,MILL STREET,Violence and sexual offences,BT941GR
2017-07,-5.842982,54.863431,KILLYGLEN ROAD,Anti-social behaviour,BT402HR
2017-11,-7.328687,55.034952,TEMPLE PARK,Violence and sexual offences,BT488PN
2017-12,-5.844511,54.635123,STRATHEARN COURT,Violence and sexual offences,BT189NR
2016-07,-6.445104,54.428713,WOODSIDE GREEN,Violence and sexual offences,BT621EN
2016-10,-6.744976,54.645884,CENTRAL AVENUE,Other theft,BT203AF
2016-03,-7.598873,54.170624,AGHYOULE ROAD,Anti-social behaviour,BT929AP
2017-09,-5.667856,54.608818,DONAGHADEE ROAD,Criminal damage and arson,BT237HB
2016-08,-5.959318,54.60819,LEOPOLD GARDENS,Anti-social behaviour,BT133XN
2017-07,-5.933747,54.589552,DONEGALL PASS,Violence and sexual offences,BT71DQ
2016-01,-6.748826,55.03992,CRAIGMORE ROAD,Anti-social behaviour,BT514HS
2015-08,-7.322371,55.001493,ASYLUM ROAD,Violence and sexual offences,BT487DL
2015-07,-5.886316,54.594816,BATLEY STREET,Public order,BT55BW
2015-08,-6.158312,54.410106,HAMPTON COURT,Violence and sexual offences,BT236HW
2017-12,-5.955893,54.606416,ACTON STREET,Anti-social behaviour,BT133GU
2016-08,-5.791466,54.655569,OLD STATION ROAD,Vehicle crime,BT933EZ
2016-07,-5.961051,54.600456,SPRINGFIELD CRESCENT,Other crime,BT701QU
2016-02,-6.396724,54.450254,AVONDALE MANOR,Anti-social behaviour,BT641AE
2016-05,-6.278093,54.868694,DUKE STREET,Public order,BT343JY
2015-06,-6.028856,54.556116,BELL STEELE ROAD,Criminal damage and arson,
2016-10,-5.836406,54.640441,SULLIVAN PLACE,Criminal damage and arson,BT189JF
2017-02,-6.793681,55.16292,TEMPLE PARK,Anti-social behaviour,BT488PN
2015-09,-6.017473,54.55337,SUMMERHILL MEWS,Criminal damage and arson,BT170LQ
2015-12,-5.938485,54.618871,ANTRIM ROAD,Drugs,BT152AH
2015-10,-5.801218,54.593802,BURTON AVENUE,Anti-social behaviour,BT161RU
2017-09,-6.263287,55.198164,RAMOAN GARDENS,Other crime,BT118LN
2016-02,-6.509829,54.86839,BEECHLAND DRIVE,Criminal damage and arson,BT281HS
2015-12,-6.692942,54.541569,INNISHMORE GARDENS,Violence and sexual offences,BT714DL
2016-01,-5.87071,54.600616,CLONALLON PARK,Anti-social behaviour,BT42BZ
2016-09,-5.927049,54.612979,GLENROSA LINK,Violence and sexual offences,BT152HJ
2015-05,-5.921771,54.59959,ANN STREET,Anti-social behaviour,BT546AA
2016-06,-6.650306,54.347735,THE MALL WEST,Anti-social behaviour,BT619AJ
2015-03,-5.918379,54.575991,PRIMROSE STREET,Violence and sexual offences,BT203AZ
2016-02,-5.956892,54.692374,CARN DRIVE,Violence and sexual offences,BT635WH
2017-02,-5.70266,54.591962,JOHN STREET COURT,Anti-social behaviour,BT234JQ
2016-10,-5.910228,54.567836,KNOCKBREDA DRIVE,Vehicle crime,BT60HJ
2016-08,-7.612882,54.355652,IRVINES CRESCENT,Shoplifting,BT744DJ
2016-12,-6.949222,55.053071,MAIN STREET,Anti-social behaviour,BT936HW
2017-08,-5.934292,54.600173,BERRY STREET,Drugs,BT11FJ
2016-02,-5.920207,54.608719,DOCK STREET,Anti-social behaviour,BT828EE
2015-12,-6.744976,54.645884,CENTRAL AVENUE,Burglary,BT203AF
2015-05,-5.939459,54.590405,TEUTONIC GARDENS,Criminal damage and arson,BT125HZ
2017-02,-6.021374,54.54975,THORNHILL CRESCENT,Violence and sexual offences,BT170RH
2015-06,-5.843762,54.588988,KINGS ROAD,Burglary,BT57GL
2015-12,-7.135157,54.488791,RAROGAN ROAD,Vehicle crime,BT702DZ
2015-03,-7.537636,54.794237,DONOWEN PARK,Anti-social behaviour,
2015-08,-5.670226,54.588727,BURNREAGH COURT,Anti-social behaviour,BT238UE
2016-03,-6.519552,55.072023,TOWNHEAD STREET,Violence and sexual offences,BT536BE
2015-09,-5.922538,54.646191,GRAYMOUNT ROAD,Anti-social behaviour,BT367DR
2017-04,-5.855148,54.588131,KENSINGTON CRESCENT,Violence and sexual offences,BT56BL
2015-05,-5.886684,54.595775,UNIONDALE STREET,Anti-social behaviour,BT55BP
2016-04,-7.637158,54.351586,CORNAGRADE ROAD,Violence and sexual offences,BT746DX
2015-12,-5.941791,54.589878,FELT STREET,Burglary,BT125NU
2017-07,-5.99199,54.583103,AITNAMONA CRESCENT,Anti-social behaviour,BT118PN
2017-08,-6.547485,54.672631,CARNAGH,Vehicle crime,BT800BQ
2017-07,-6.761538,54.434151,STILOGA ROAD,Anti-social behaviour,BT717QH
2015-12,-5.715944,54.315528,BISHOPS BRAE GARDENS,Violence and sexual offences,BT306TD
2017-09,-5.943963,54.691634,CHRISTINE GARDENS,Other theft,BT366TE
2016-08,-7.323437,55.017066,BUNCRANA ROAD,Shoplifting,BT488LB
2015-04,-6.606153,54.835495,MCGURKS VILLAS,Vehicle crime,BT458NY
2016-10,-5.831186,54.584576,LEVEN PARK,Anti-social behaviour,BT57JA
2016-05,-7.477257,54.819215,ARDNALEE PARK,Other theft,BT829DZ
2016-05,-5.889185,54.592602,GREENVILLE ROAD,Other theft,BT55EP
2016-08,-7.460474,54.824891,BARRACK STREET,Drugs,BT714LS
2017-07,-5.930334,54.599189,CASTLE STREET,Anti-social behaviour,BT307QQ
2017-12,-7.462991,54.826321,CHURCH STREET,Anti-social behaviour,BT343HN
2017-12,-5.976491,54.577777,KENNEDY WAY INDUSTRIAL ESTATE,Shoplifting,
2015-06,-6.307448,54.380869,CHURCH VIEW DRIVE,Drugs,BT636DQ
2015-02,-6.003657,54.75203,DOAGH ROAD,Other theft,BT399BG
2017-02,-5.969975,54.58907,ROCKMOUNT STREET,Violence and sexual offences,BT127PE
2016-05,-6.442651,54.423111,HIGH STREET,Shoplifting,BT248AB
2017-10,-5.890851,54.583718,LADAS DRIVE,Anti-social behaviour,BT69FT
2016-04,-6.036071,54.558794,GLENBAWN PARK,Other theft,BT170TS
2015-06,-5.92403,54.547291,THE BEECHES,Burglary,BT294FH
2015-03,-5.680808,54.653509,CLANDEBOYE ROAD,Criminal damage and arson,BT191AA
2017-09,-6.080266,54.520708,WINDEMERE ROAD,Anti-social behaviour,
2015-01,-7.31798,54.995944,FOYLE STREET,Violence and sexual offences,BT486XY
2016-07,-5.961172,54.597727,SPRINGFIELD AVENUE,Criminal damage and arson,BT127BA
2015-07,-5.954282,54.599336,CLONARD PLACE,Vehicle crime,BT132PZ
2016-02,-6.513351,55.070789,QUEEN STREET,Anti-social behaviour,BT422BQ
2017-12,-6.017536,54.572131,GLENTIES DRIVE,Criminal damage and arson,BT119HT
2016-06,-6.165807,54.234833,JOHN STREET,Anti-social behaviour,BT486JY
2017-11,-5.999369,54.573324,CONOR CLOSE,Violence and sexual offences,BT119LF
2016-08,-6.373217,54.449338,LEGAHORY COURT,Anti-social behaviour,BT655DF
2017-01,-6.007805,54.549698,KINGSWAY,Violence and sexual offences,BT179EW
2015-11,-6.2146,54.80663,CHURCH ROAD,Violence and sexual offences,BT189BU
2016-04,-6.261242,54.857385,MEADOWVALE,Shoplifting,BT667RL
2015-08,-5.976421,54.562339,PRIORY GARDENS,Anti-social behaviour,BT403ET
2016-07,-7.6098,54.359541,BEECH HILL,Violence and sexual offences,BT744AQ
2017-10,-5.920207,54.608719,DOCK STREET,Anti-social behaviour,BT828EE
2015-08,-5.899406,54.678632,GLENVILLE PARK,Anti-social behaviour,BT370TE
2016-09,-6.490203,55.068976,CARNANY DRIVE,Anti-social behaviour,BT537HR
2015-07,-5.932382,54.585657,BOTANIC AVENUE,Anti-social behaviour,BT71JL
2015-03,-5.970305,54.629373,BENVIEW PARK,Anti-social behaviour,BT148HT
2015-04,-5.699926,54.321639,DEMESNE AVENUE,Violence and sexual offences,BT667BL
2017-06,-5.666855,54.483377,KILLINAKIN ROAD,Drugs,BT236PS
2015-08,-6.006864,54.569629,SUFFOLK PARADE,Anti-social behaviour,BT119JR
2017-07,-6.325402,54.137289,FLAGSTAFF ROAD,Drugs,BT358NR
2015-03,-5.928725,54.570526,PRINCE EDWARD DRIVE,Burglary,BT95GB
2015-11,-6.354791,54.46977,KILN LODGE,Anti-social behaviour,BT666HT
2016-07,-5.930334,54.599189,CASTLE STREET,Anti-social behaviour,BT307QQ
2015-07,-5.894279,54.589546,QUINTON STREET,Anti-social behaviour,BT55GR
2015-06,-5.936555,54.658506,WHITEWELL ROAD,Burglary,BT367NH
2015-10,-5.954493,54.60748,BROMLEY STREET,Anti-social behaviour,BT133GL
2016-05,-6.696367,54.448155,DUNGANNON STREET,Violence and sexual offences,BT717SH
2016-08,-7.464629,54.825978,MAIN STREET,Anti-social behaviour,BT936HW
2016-09,-5.865014,54.58348,KNOCK GREEN,Other theft,BT56GJ
2016-05,-7.27706,54.5988,MCCLAY PARK,Violence and sexual offences,BT790DF
2016-11,-6.340907,54.174298,CORN MARKET,Shoplifting,BT358BG
2017-02,-6.366732,54.445701,HILLCREST MANOR,Burglary,BT655BX
2015-02,-7.312712,55.01529,CULMORE ROAD,Shoplifting,BT488JH
2015-01,-5.698962,54.594147,BREWERY LANE,Other crime,BT703PW
2016-02,-5.8414,54.852514,LINN ROAD,Criminal damage and arson,BT402AH
2016-09,-5.92717,54.65716,LONGLANDS AVENUE,Other theft,BT367FD
2017-09,-5.966019,54.612867,TWADDELL AVENUE,Violence and sexual offences,BT133LE
2017-07,-6.28527,54.343916,GOWANVALE DRIVE,Anti-social behaviour,BT323GD
2017-12,-5.931754,54.598036,FOUNTAIN STREET,Drugs,BT414BB
2015-09,-5.926512,54.597057,MONTGOMERY STREET,Violence and sexual offences,BT14NX
2016-03,-5.925203,54.602102,VICTORIA STREET,Other theft,BT679DG
2015-12,-7.320302,55.023058,CARNHILL,Violence and sexual offences,BT488BA
2016-10,-7.330187,54.996649,WESTLAND STREET,Violence and sexual offences,BT489EU
2017-01,-5.890323,54.599316,LEWIS PARK,Anti-social behaviour,BT41FE
2016-08,-5.938035,54.546938,BALLYCAIRN DRIVE,Other theft,BT88HG
2016-01,-6.014068,54.065073,SEAVIEW AVENUE,Criminal damage and arson,BT344JG
2015-06,-5.998414,54.546416,GLENARIFF DRIVE,Anti-social behaviour,BT235HA
2017-11,-6.340907,54.174298,CORN MARKET,Shoplifting,BT358BG
2017-06,-5.874174,54.608377,INVERLEITH DRIVE,Violence and sexual offences,BT41RJ
2017-09,-6.055124,54.503432,ASHLEA PLACE,Violence and sexual offences,BT281HY
2017-02,-6.339764,54.424894,DEANS ROAD,Criminal damage and arson,BT668TF
2016-07,-7.329352,54.99422,DOVE GARDENS,Anti-social behaviour,BT489HD
2017-06,-5.991117,54.588587,MONAGH CRESCENT,Anti-social behaviour,BT118EB
2016-12,-5.706197,54.756183,DONEGALL AVENUE,Violence and sexual offences,BT126LX
2017-10,-7.322511,54.996849,WATERLOO STREET,Criminal damage and arson,BT486HE
2015-03,-5.671813,54.659042,RAILWAYVIEW STREET,Anti-social behaviour,BT203BY
2015-11,-6.425104,54.431481,LURGAN ROAD,Criminal damage and arson,BT635BJ
2015-08,-5.95221,54.673561,OSTERLEY PARK,Anti-social behaviour,BT366EW
2015-07,-6.347385,54.157801,EDENCRIEVE,Criminal damage and arson,BT358UE
2017-04,-6.696884,54.538584,MAPLEBROOK LANE,Anti-social behaviour,BT714TG
2017-07,-6.944669,55.039971,COOLESSAN WALK,Anti-social behaviour,BT499EN
2015-08,-7.31798,54.995944,FOYLE STREET,Violence and sexual offences,BT486XY
2015-07,-7.152608,54.910617,IRWIN CRESCENT,Violence and sexual offences,BT43AQ
2017-07,-7.626699,54.358535,DRUMBAWN,Criminal damage and arson,BT746NX
2016-12,-5.744079,54.549746,GILLESPIE COURT,Anti-social behaviour,BT235GL
2017-03,-5.926802,54.598958,ANN STREET,Shoplifting,BT546AA
2015-09,-5.886319,54.596559,LENA STREET,Violence and sexual offences,BT55BJ
2017-07,-5.935468,54.590085,ST. GEORGES GARDENS,Anti-social behaviour,
2016-11,-5.958874,54.608695,HEATHER STREET,Violence and sexual offences,BT133DQ
2016-07,-6.021915,54.550702,THORNHILL COURT,Criminal damage and arson,BT170RA
2015-09,-6.341752,54.176915,MONAGHAN STREET,Other theft,BT356AA
2017-05,-6.454965,54.418085,OAKWOOD PLACE,Violence and sexual offences,BT623HN
2015-02,-5.931955,54.603844,UNION STREET,Vehicle crime,BT536HT
2016-07,-5.728855,54.658661,MAIN STREET,Criminal damage and arson,BT936HW
2015-03,-6.684284,54.411027,LISBOFIN ROAD,Vehicle crime,BT717JQ
2017-10,-7.30154,54.996102,LAPWING WAY,Violence and sexual offences,BT476LH
2016-03,-5.809183,54.717089,VICTORIA STREET,Violence and sexual offences,BT679DG
2016-03,-5.976491,54.577777,KENNEDY WAY INDUSTRIAL ESTATE,Shoplifting,
2015-11,-5.712699,54.322215,ARDPATRICK AVENUE,Anti-social behaviour,BT306JF
2016-04,-5.716815,54.326714,ST. PATRICKS DRIVE,Drugs,
2015-08,-5.89747,54.401603,HIGH STREET,Other theft,BT248AB
2016-09,-5.940773,54.623842,VANCOUVER DRIVE,Vehicle crime,BT155BY
2015-10,-7.473634,54.825084,CARRICK STRAND,Anti-social behaviour,BT829RN
2017-06,-5.533729,54.48652,CHURCH AVENUE,Violence and sexual offences,BT330NB
2015-05,-5.966775,54.612592,TWADDELL AVENUE,Anti-social behaviour,BT133LE
2015-10,-5.929328,54.598579,CASTLE LANE,Anti-social behaviour,BT235EB
2016-01,-6.192257,54.509883,WILLOW LODGE,Drugs,BT282WL
2017-05,-6.401767,54.855534,PARKFIELD ROAD,Burglary,BT421LY
2016-06,-6.339799,54.173671,MILL STREET,Violence and sexual offences,BT941GR
2016-11,-7.634911,54.355254,KILMACORMICK ROAD,Anti-social behaviour,BT746EW
2015-05,-6.279147,54.344341,LEAMOUNT PARK,Anti-social behaviour,BT323HZ
2017-08,-6.442651,54.423111,HIGH STREET,Burglary,BT248AB
2016-07,-6.839785,54.469921,REASKMORE ROAD,Anti-social behaviour,BT701QF
2016-10,-7.277676,55.044164,ELMVALE,Violence and sexual offences,BT488SL
2015-10,-6.330123,54.178902,TALBOT STREET,Other crime,BT234EG
2017-09,-5.952637,54.608679,KESWICK STREET,Violence and sexual offences,BT131RW
2016-07,-7.323641,55.001221,CLARENDON STREET,Violence and sexual offences,BT487ET
2017-06,-6.184973,54.732986,BUSH ROAD,Anti-social behaviour,BT716QE
2016-04,-5.937238,54.588138,BLONDIN STREET,Other theft,
2016-06,-7.310643,54.995525,BONDS HILL,Violence and sexual offences,BT476DW
2017-11,-6.769175,55.148051,WOODEND PARK,Vehicle crime,BT514UY
2017-07,-5.664746,54.629317,STONEBRIDGE GARDENS,Anti-social behaviour,BT237QX
2016-04,-5.934882,54.589437,DONEGALL ROAD,Violence and sexual offences,BT126HN
2017-07,-5.992198,54.582648,AITNAMONA CRESCENT,Anti-social behaviour,BT118PN
2015-11,-5.984055,54.561784,UPPER LISBURN ROAD,Anti-social behaviour,BT100LA
2017-08,-6.276745,54.349554,EDENDERRY TERRACE,Violence and sexual offences,BT323AE
2016-06,-5.94704,54.624838,WESTLAND WAY,Anti-social behaviour,BT146TA
2017-02,-6.115776,54.497519,CAMPBELL COURT,Anti-social behaviour,BT282TZ
2016-06,-5.930446,54.599424,ROYAL AVENUE,Other theft,BT11DD
2017-01,-7.303364,54.589657,COOLNAGARD GROVE,Other theft,BT781AW
2017-05,-6.442321,54.412298,GLENMAHON AVENUE,Anti-social behaviour,BT623BW
2015-05,-6.218687,54.617398,LANDGARVE MANOR,Public order,BT294YD
2017-06,-5.979949,54.581348,FALLS ROAD,Shoplifting,BT119AB
2017-10,-5.893548,54.590512,GROVE STREET EAST,Violence and sexual offences,BT55GG
2015-04,-5.944148,54.598077,MILFORD CLOSE,Other theft,BT124HE
2016-07,-7.267399,55.031293,DEREEN DRIVE,Anti-social behaviour,BT476UZ
2015-06,-6.632101,54.165946,AUGHNAGURGAN ROAD,Criminal damage and arson,BT603BY
2017-12,-7.305876,54.599319,JOHN STREET,Violence and sexual offences,BT486JY
2016-07,-7.535315,54.317845,BROOK STREET,Anti-social behaviour,BT521PP
2016-02,-5.922692,54.576029,SUNNYSIDE STREET,Other theft,BT73EX
2015-08,-5.713986,54.329221,SAUL STREET,Violence and sexual offences,BT306NQ
2015-10,-6.76282,54.514778,OAKLEA,Violence and sexual offences,BT716JY
2017-04,-5.985265,54.576441,COMMEDAGH DRIVE,Criminal damage and arson,BT118GH
2015-09,-5.922687,54.59497,FRIENDLY STREET,Criminal damage and arson,BT72HP
2016-09,-5.888358,54.585561,ORBY DRIVE,Burglary,BT56BB
2017-10,-6.77009,54.508707,QUARRY LANE,Criminal damage and arson,BT701HX
2015-03,-5.68509,54.594278,WALLACES PLACE,Violence and sexual offences,BT238HL
2015-06,-7.292911,54.601032,CAMPSIE ROAD,Other theft,BT790AG
2015-08,-6.65232,55.203902,DUNLUCE STREET,Theft from the person,BT401JG
2017-11,-6.039636,54.527989,OAKRIDGE CRESCENT,Burglary,BT274ND
2015-02,-5.904702,54.58421,CHESHAM PARK,Violence and sexual offences,BT68GS
2016-12,-5.644548,54.65935,GROVEHILL GARDENS,Violence and sexual offences,BT204NS
2015-02,-6.001091,54.55204,KINGSWAY,Anti-social behaviour,BT179EW
2017-03,-7.305142,55.004629,DEANFIELD,Anti-social behaviour,BT196NX
2015-09,-5.901968,54.406713,WILLOW PARK,Anti-social behaviour,BT248PJ
2017-05,-6.025385,54.529114,LAMBEG ROAD,Drugs,BT274QA
2015-02,-5.933433,54.617122,CLANCHATTAN STREET,Other theft,BT153AX
2017-06,-5.803503,54.592164,BURTON DRIVE,Violence and sexual offences,BT162LR
2017-07,-5.698384,54.576695,RAVENHILL LANE,Violence and sexual offences,BT234PH
2016-04,-7.229534,54.395956,ANNAGH ROAD,Criminal damage and arson,BT760TL
2017-02,-5.932455,54.594903,CLARENCE STREET WEST,Violence and sexual offences,BT27GP
2016-01,-6.336899,54.468223,VICTORIA STREET,Anti-social behaviour,BT679DG
2016-03,-5.9485,54.617387,OLDPARK AVENUE,Public order,BT146HJ
2016-08,-6.250122,55.201111,ANN STREET,Criminal damage and arson,BT546AA
2015-12,-5.931955,54.603844,UNION STREET,Criminal damage and arson,BT536HT
2017-04,-7.409479,54.529845,CAVAN ROAD,Violence and sexual offences,BT716QW
2017-04,-5.884334,54.39769,HILLHEAD CRESCENT,Anti-social behaviour,BT119FS
2017-11,-6.306955,54.438454,TUDOR LODGE,Burglary,BT667SX
2016-03,-5.674088,54.654216,ABBEY PARK,Anti-social behaviour,BT57RU
2017-11,-6.440352,55.100096,TOPP ROAD,Anti-social behaviour,BT538HW
2015-11,-6.032056,54.230692,OLD MILL PLACE,Anti-social behaviour,BT701PW
2015-11,-7.466766,54.823185,CHESTNUT PARK,Criminal damage and arson,BT170JX
2017-11,-7.269485,54.595835,RIVERVIEW ROAD,Criminal damage and arson,BT790PU
2017-02,-5.935304,54.623596,GLANLEAM DRIVE,Violence and sexual offences,BT153FL
2015-01,-6.19894,54.716339,OAKDALE MANOR,Vehicle crime,BT411QA
2015-11,-6.248211,54.102739,ROSSMARA PARK,Anti-social behaviour,BT343NX
2015-05,-5.926442,54.584423,RUGBY AVENUE,Burglary,BT203PZ
2017-09,-5.811263,54.731476,FULMAR AVENUE,Anti-social behaviour,BT283HS
2015-01,-5.695539,54.651975,ORLOCK GARDENS,Criminal damage and arson,BT191SP
2015-07,-7.638878,54.344809,TOWNHALL STREET,Anti-social behaviour,BT747BD
2015-02,-5.908859,54.589439,DELAWARE STREET,Public order,BT68ET
2016-09,-5.857378,54.608998,THE WALLED GARDEN,Other theft,BT42WG
2017-01,-6.398975,54.199037,CLOGHAREVAN PARK,Burglary,BT357BE
2015-06,-5.928592,54.599366,CORN MARKET,Shoplifting,BT358BG
2017-10,-6.293301,54.435423,CAMBRAI DRIVE,Anti-social behaviour,BT667QT
2016-03,-5.910804,54.563829,SAINTFIELD ROAD,Shoplifting,BT88SG
2015-07,-6.266259,54.341434,SUMMERHILL,Anti-social behaviour,BT323LJ
2016-09,-6.41769,54.44912,CARN ROAD,Vehicle crime,BT358QZ
2017-03,-5.935911,54.596328,MURRAY STREET,Drugs,BT16DN
2016-03,-5.925779,54.586208,DUDLEY STREET,Drugs,BT71GW
2015-04,-6.33359,54.463101,CHURCH PLACE,Violence and sexual offences,BT666EU
2015-12,-5.925144,54.610853,BENTINCK STREET,Shoplifting,BT151LZ
2016-06,-6.402189,54.42393,HILTON PARK,Anti-social behaviour,BT448HH
2017-05,-5.83597,54.632913,WOOD END,Burglary,BT189PN
2016-07,-5.662397,54.594129,ABBOT CRESCENT,Criminal damage and arson,BT238UD
2017-10,-5.939954,54.581221,PARK LANE,Criminal damage and arson,BT247PR
2016-01,-5.952257,54.622411,CARDIGAN DRIVE,Violence and sexual offences,BT146LX
2016-08,-7.628588,54.348623,IRVINESTOWN ROAD,Violence and sexual offences,BT746DN
2016-01,-6.048679,54.76288,OLD MILL MEWS,Other theft,BT161WD
2015-10,-6.212635,54.72992,KINTYRE,Criminal damage and arson,BT412AN
2016-02,-5.912762,54.565157,SAINTFIELD ROAD,Violence and sexual offences,BT88SG
2015-07,-5.890707,54.210014,CASTLE PLACE,Shoplifting,BT785ER
2015-04,-6.312234,54.462616,DEMESNE AVENUE,Anti-social behaviour,BT667BL
2015-05,-7.664019,54.33164,DRUMAWILL PARK,Anti-social behaviour,BT745JR
2016-06,-6.275379,54.868035,WILLIAM STREET,Anti-social behaviour,BT486EP
2017-01,-5.945534,54.613258,MANOR COURT,Violence and sexual offences,BT234LT
2017-03,-5.898909,54.589168,WALKER COURT,Criminal damage and arson,BT69TQ
2017-03,-6.333546,54.179102,SANDYS STREET,Vehicle crime,BT341EN
2017-12,-7.338282,55.003206,MEADOW VIEW CRESCENT,Anti-social behaviour,BT480JD
2017-10,-6.745606,54.649583,OLDTOWN STREET,Anti-social behaviour,BT808EF
2017-11,-6.350499,54.456064,OLD PORTADOWN ROAD,Drugs,BT668QN
2017-08,-6.28288,54.352184,EDENDERRY PARK,Anti-social behaviour,BT323BA
2017-05,-5.93091,54.587824,WOLSELEY STREET,Anti-social behaviour,BT71LG
2015-10,-5.925288,54.602256,DUNBAR STREET,Vehicle crime,BT12LH
2016-09,-5.807457,54.845813,THE HARBOUR HIGHWAY,Public order,
2017-12,-6.452179,54.435192,BALLYORAN PARK,Anti-social behaviour,BT621JN
2016-09,-5.707019,54.586797,TRASNAGH DRIVE,Criminal damage and arson,BT234PD
2016-01,-6.693125,54.232668,TULLYNAWOOD ROAD,Violence and sexual offences,BT603BP
2016-03,-6.297187,54.435738,MILLFORT PARK,Anti-social behaviour,BT667TJ
2015-11,-5.901573,54.586096,RAVENHILL AVENUE,Violence and sexual offences,BT68LG
2015-12,-7.319958,54.994473,CARLISLE ROAD,Burglary,BT152PT
2016-08,-7.298256,54.99267,ROSSDOWNEY AVENUE,Violence and sexual offences,BT475PP
2017-05,-5.886188,54.5952,MOORFIELD STREET,Violence and sexual offences,BT55BY
2017-04,-6.337776,54.178675,CANAL QUAY,Anti-social behaviour,BT356PH
2015-10,-5.900793,54.221817,TOLLYMORE BRAE,Anti-social behaviour,BT330GT
2016-05,-7.609748,54.35204,ASHDALE,Criminal damage and arson,BT522DD
2015-08,-5.92346,54.586483,ORMEAU ROAD,Anti-social behaviour,BT73GA
2017-11,-7.329604,54.999736,CREGGAN ROAD,Anti-social behaviour,BT799BL
2017-09,-6.263098,55.195655,DRUMAWILLIN PARK,Violence and sexual offences,BT546EX
2015-06,-7.315261,55.028976,BRADLEY PARK,Vehicle crime,BT488PU
2017-10,-6.254397,54.465918,CLARENDON PARK,Anti-social behaviour,BT670RT
2017-04,-7.312026,54.993278,BONDS HILL,Anti-social behaviour,BT476DW
2016-09,-5.896849,54.588018,ARDGOWAN DRIVE,Violence and sexual offences,BT69BY
2017-06,-6.034953,54.068561,CAHILL PLACE,Anti-social behaviour,BT344HB
2016-04,-6.05027,54.034135,WINDMILL ROAD,Drugs,BT344LP
2016-04,-6.750354,54.632688,OLD RECTORY GLEN,Violence and sexual offences,BT809XX
2016-03,-6.205878,54.893522,FIR PARK,Violence and sexual offences,BT424DH
2015-08,-7.281825,54.609348,KNOCKSHEE PARK,Anti-social behaviour,BT797PH
2015-04,-6.32366,54.757462,TRESNA PARK,Violence and sexual offences,BT413HH
2015-02,-6.01017,54.569387,HORN DRIVE,Criminal damage and arson,BT119GS
2015-05,-5.838739,54.566094,LISLEEN ROAD,Shoplifting,BT57SU
2015-11,-6.215095,54.620939,MILL ROAD,Other theft,BT344RH
2016-02,-5.969522,54.611228,GLENCAIRN STREET,Anti-social behaviour,BT133LT
2017-09,-5.917791,54.654492,LONGWOOD ROAD,Shoplifting,BT379UH
2017-07,-5.944435,54.600049,DIVIS STREET,Criminal damage and arson,BT124JP
2015-02,-5.935468,54.590085,ST. GEORGES GARDENS,Anti-social behaviour,
2017-10,-5.943897,54.607956,MALVERN CLOSE,Anti-social behaviour,BT131EB
2016-08,-5.789563,54.73907,TUDOR PARK,Anti-social behaviour,BT364FT
2017-08,-6.096447,54.722365,MAIN STREET,Anti-social behaviour,BT936HW
2017-11,-5.953886,54.598592,CLONARD CRESCENT,Anti-social behaviour,BT132QN
2015-02,-6.271575,54.346677,OLD KENLIS STREET,Anti-social behaviour,BT323BD
2016-05,-7.45948,54.378797,MAIN STREET,Shoplifting,BT936HW
2017-09,-5.940524,54.617728,BROOKVALE AVENUE,Violence and sexual offences,BT146BW
2017-09,-5.943826,54.596481,GROVE TREE SOUTH,Drugs,BT124SW
2017-05,-5.945327,54.587557,FORTUNA STREET,Violence and sexual offences,BT125PL
2015-07,-5.807505,54.59486,UPPER NEWTOWNARDS ROAD,Anti-social behaviour,BT43NW
2017-06,-6.616758,54.762498,HOSPITAL ROAD,Criminal damage and arson,BT358PW
2015-02,-5.716689,54.327879,MARKET LANE,Burglary,BT281YG
2015-06,-6.391973,54.443614,PARKMORE,Shoplifting,BT642AQ
2015-04,-5.942775,54.585088,DUNLUCE AVENUE,Violence and sexual offences,BT97AW
2015-12,-5.912762,54.565157,SAINTFIELD ROAD,Violence and sexual offences,BT88SG
2017-04,-5.937639,54.584479,ELMWOOD AVENUE,Anti-social behaviour,BT96AZ
2015-12,-6.529881,54.772796,HILLHEAD ROAD,Violence and sexual offences,BT399LN
2016-07,-6.052099,54.511829,RIDGEWAY STREET,Shoplifting,BT95FB
2015-06,-7.361549,54.395253,CLABBY ROAD,Burglary,BT750QY
2017-07,-5.92411,54.658815,GLENMOUNT ROAD,Criminal damage and arson,BT367QJ
2017-08,-5.917333,54.575883,ORMEAU ROAD,Anti-social behaviour,BT73GA
2016-10,-5.898413,54.678642,GLENVILLE PARK,Anti-social behaviour,BT370TE
2016-02,-5.932981,54.633665,LANSDOWNE ROAD,Other crime,BT475QT
2017-10,-5.938546,54.580622,MALONE ROAD,Violence and sexual offences,BT95BU
2017-01,-5.923999,54.598389,VICTORIA SQUARE,Violence and sexual offences,BT14QG
2017-06,-6.344343,54.456528,DRUMLIN DRIVE,Anti-social behaviour,BT668PG
2015-05,-6.497363,54.764222,AUGHRIM LANE,Anti-social behaviour,BT413ST
2017-02,-6.469913,55.072281,ASHLEY PARK,Violence and sexual offences,BT601EU
2017-01,-5.934406,54.594568,GREAT VICTORIA STREET,Anti-social behaviour,BT27AG
2015-04,-7.643201,54.348164,QUEEN STREET,Criminal damage and arson,BT422BQ
2017-02,-7.320256,55.008263,DILL PARK,Public order,BT487PE
2015-07,-5.807505,54.59486,UPPER NEWTOWNARDS ROAD,Violence and sexual offences,BT43NW
2017-09,-6.545632,54.340904,MAIN STREET,Violence and sexual offences,BT936HW
2016-03,-7.263341,55.033407,TEMPLE ROAD,Anti-social behaviour,BT282PD
2016-04,-7.310529,54.99035,MARGARET STREET,Anti-social behaviour,BT624BQ
2017-06,-5.981334,54.074789,HAWOOD WAY,Anti-social behaviour,BT344BF
2017-05,-6.349255,54.421439,CALVERTSTOWN ROAD,Drugs,BT635NY
2017-08,-6.05116,54.514366,NORTH CIRCULAR ROAD,Anti-social behaviour,BT679EB
2017-01,-5.960643,54.682536,RICHMOND PARK,Anti-social behaviour,BT797SJ
2016-11,-7.269406,54.977705,OLD SCHOOL FIELD,Violence and sexual offences,BT473GX
2016-11,-5.940387,54.658131,ANTRIM ROAD,Theft from the person,BT152AH
2015-06,-6.335036,55.004776,BALLYVEELY ROAD,Anti-social behaviour,BT449NW
2017-05,-7.187487,54.518144,CURR ROAD,Other crime,BT790QT
2016-09,-6.362014,54.43995,CLANROLLA PARK,Burglary,BT655HZ
2015-06,-6.510977,55.072323,TRINITY DRIVE,Anti-social behaviour,BT536EQ
2015-03,-5.959961,54.668939,FARMLEY GARDENS,Anti-social behaviour,BT367TU
2016-03,-5.900669,54.408317,LANGLEY ROAD,Anti-social behaviour,BT248DA
2017-01,-5.926508,54.582519,HARROW STREET,Anti-social behaviour,BT71QG
2016-11,-5.931464,54.653172,GARTON WAY,Burglary,BT367JF
2017-11,-5.931955,54.603844,UNION STREET,Other theft,BT536HT
2015-06,-6.245619,54.10475,RATHMORE,Violence and sexual offences,BT343SF
2016-07,-6.330955,54.999546,ROSEMOUNT,Anti-social behaviour,BT449LX
2016-07,-5.651964,54.398523,STRANGFORD VIEW,Anti-social behaviour,BT222SE
2016-09,-5.943945,54.66715,TOBAR-GLEN,Anti-social behaviour,BT366UG
2017-04,-6.010325,54.064768,SLIEVESHAN PARK,Anti-social behaviour,BT344DS
2015-03,-6.650153,55.204812,STRANDMORE,Other theft,BT568AH
2015-04,-5.966105,54.603381,CUAN PARADE,Violence and sexual offences,BT133FE
2017-02,-5.807521,54.271167,COMMONS ROAD,Anti-social behaviour,BT308DG
2016-11,-7.161276,54.41743,MCCREA PARK,Violence and sexual offences,BT760AE
2016-11,-7.320469,54.996614,SHIPQUAY STREET,Violence and sexual offences,BT486DN
2016-09,-5.90855,54.587924,RAVENHILL AVENUE,Violence and sexual offences,BT68LG
2015-12,-5.836015,54.862921,BALLYCRAIGY RING,Violence and sexual offences,BT402EY
2016-11,-7.317373,55.010537,STRAND ROAD,Shoplifting,BT487AD
2017-12,-6.184973,54.732986,BUSH ROAD,Anti-social behaviour,BT716QE
2015-04,-5.673661,54.650568,WHITEHILL CLOSE,Anti-social behaviour,BT204EA
2017-10,-5.841096,54.859373,BENGORE GARDENS,Violence and sexual offences,BT402AW
2016-04,-6.343164,54.177977,CAULFIELD PLACE,Burglary,BT356AS
2015-02,-5.707458,54.653037,LYNNE CRESCENT,Criminal damage and arson,BT191PA
2016-10,-5.967502,54.609505,BALLYGOMARTIN ROAD,Shoplifting,BT133NA
2015-06,-6.575684,54.188526,DUNDALK STREET,Other theft,BT350PB
2016-12,-5.832877,54.63602,MY LADY'S MILE,Anti-social behaviour,BT189EW
2015-11,-5.868786,54.585299,CLARAWOOD PARK,Anti-social behaviour,BT56FW
2017-05,-5.705719,54.331616,MARIAN PARK,Anti-social behaviour,BT308DJ
2015-04,-5.876207,54.578259,CLONDUFF DRIVE,Anti-social behaviour,BT69NS
2017-01,-6.139844,54.628844,DUNDROD ROAD,Anti-social behaviour,BT294SR
2015-05,-5.754369,54.552642,BELFAST ROAD,Anti-social behaviour,BT248EB
2016-07,-6.336355,54.465277,WILLIAM STREET,Shoplifting,BT486EP
2015-06,-7.355355,54.180319,LURGANBOY PARK,Possession of weapons,BT926JT
2017-02,-5.969135,54.618373,HESKETH GARDENS,Anti-social behaviour,BT147JT
2016-06,-5.915143,54.596349,LAGANBANK ROAD,Violence and sexual offences,BT13LT
2017-04,-5.892164,54.595152,FACTORY STREET,Anti-social behaviour,BT55AW
2017-11,-5.996996,54.569043,TRENCH PARK,Anti-social behaviour,BT119FG
2015-08,-6.336899,54.468223,VICTORIA STREET,Anti-social behaviour,BT679DG
2016-08,-5.887157,54.214696,RAILWAY STREET,Shoplifting,BT617HP
2017-07,-5.94771,54.6183,CLIFTONVILLE STREET,Anti-social behaviour,BT146LP
2016-09,-6.188447,54.712913,RATHMORE GARDENS,Anti-social behaviour,BT411JQ
2015-04,-6.525403,55.203933,MOUNT PLEASANT,Anti-social behaviour,BT488NW
2017-12,-5.957806,54.595406,CROCUS STREET,Criminal damage and arson,BT127AP
2016-02,-6.025991,54.51464,HUGUENOT DRIVE,Criminal damage and arson,BT274UH
2016-03,-5.932372,54.613321,DUNCAIRN GARDENS,Violence and sexual offences,BT152GG
2017-08,-5.941305,54.614219,CLIFTONPARK COURT,Criminal damage and arson,BT146DY
2017-07,-5.744017,54.548352,PARK WAY,Anti-social behaviour,BT235AR
2016-08,-5.874324,54.609665,INVERNOOK PARK,Violence and sexual offences,BT41RL
2017-09,-5.961016,54.609207,DISRAELI STREET,Anti-social behaviour,BT133HX
2016-04,-7.327385,54.995044,LECKY ROAD,Other theft,BT486NP
2016-07,-6.081318,54.521659,WINDERMERE AVENUE,Anti-social behaviour,BT282WX
2016-06,-5.672675,54.659957,DUFFERIN AVENUE,Burglary,BT203AD
2017-08,-6.107897,54.580802,ROCK ROAD,Anti-social behaviour,BT341PL
2016-09,-6.366144,54.851934,CULLYBACKEY ROAD,Anti-social behaviour,BT435DG
2016-05,-7.63682,54.360291,CHERRYVILLE,Criminal damage and arson,BT744FY
2015-06,-5.936677,54.593421,SANDY ROW,Violence and sexual offences,BT125EU
2016-07,-6.256349,54.543285,LAUREL WOOD,Other theft,BT282GQ
2015-05,-7.622032,54.352546,CHANTERHILL ROAD,Other theft,BT746DE
2017-12,-5.971898,54.566244,KINGS COURT,Other theft,BT100AF
2015-09,-6.144167,54.418748,BRAESIDE MANOR,Violence and sexual offences,BT251SA
2016-07,-6.241944,55.20421,BEECHWOOD AVENUE,Public order,BT203JA
2017-10,-5.526939,54.607295,SHORE ROAD,Anti-social behaviour,BT413NW
2016-02,-7.3353,55.028521,THE MEADOWS,Burglary,BT412JB
2016-10,-5.708843,54.593715,CIRCULAR ROAD,Anti-social behaviour,BT234EU
2017-07,-5.940536,54.630667,CHICHESTER AVENUE,Anti-social behaviour,BT155EH
2017-12,-7.321006,54.996266,CASTLE STREET,Criminal damage and arson,BT307QQ
2017-02,-6.080696,54.523383,RATHVARNA GARDENS,Public order,BT282UA
2017-06,-5.949827,54.253734,GRANGE DRIVE,Anti-social behaviour,BT399EY
2015-10,-6.454759,54.751217,THE MEADOWS,Drugs,BT412JB
2017-08,-6.350768,54.874248,MOUNT DAVYS ROAD,Anti-social behaviour,BT421HE
2017-09,-5.916641,54.666674,ROSCOR SQUARE,Violence and sexual offences,BT379PQ
2015-12,-5.93642,54.639779,ANTRIM ROAD,Vehicle crime,BT152AH
2017-04,-6.456684,54.432213,BALLYORAN HEIGHTS,Anti-social behaviour,BT621DW
2017-06,-7.090657,54.897683,STRAID VIEW,Anti-social behaviour,BT474UP
2015-09,-5.943963,54.691634,CHRISTINE GARDENS,Other theft,BT366TE
2015-09,-5.94134,54.60802,FLORENCE COURT,Other theft,BT131EY
2016-07,-6.006181,54.743042,MILL ROAD,Other theft,BT344RH
2015-12,-5.921379,54.623376,ST. AUBYN STREET,Violence and sexual offences,
2016-02,-6.59761,54.75554,SANDYMOUNT,Criminal damage and arson,BT275TJ
2016-07,-7.610071,54.356973,SYCAMORE DRIVE,Anti-social behaviour,BT744EW
2016-01,-7.323505,54.99628,FAHAN STREET,Anti-social behaviour,BT486AQ
2016-01,-7.207812,55.040217,DONNYBREWER ROAD,Other theft,BT473PD
2015-06,-5.930446,54.599424,ROYAL AVENUE,Anti-social behaviour,BT11DD
2016-03,-5.807505,54.59486,UPPER NEWTOWNARDS ROAD,Anti-social behaviour,BT43NW
2015-02,-5.980405,54.585569,DIVIS DRIVE,Other theft,BT118AA
2016-08,-6.359395,54.141334,CARN VIEW,Other crime,BT358LJ
2017-12,-6.268694,54.350832,BRIDGE STREET,Violence and sexual offences,BT281XZ
2017-08,-7.321504,54.497833,DROMORE ROAD,Anti-social behaviour,BT667NR
2017-07,-6.369443,54.851978,OLD PORTGLENONE ROAD,Violence and sexual offences,BT421LQ
2015-06,-6.664489,54.339538,GREENPARK MANOR,Violence and sexual offences,BT604EP
2015-02,-5.940605,54.600811,FINGALS COURT,Criminal damage and arson,BT132DP
2017-12,-5.938228,54.619962,ANTRIM ROAD,Anti-social behaviour,BT152AH
2017-04,-6.944669,55.039971,COOLESSAN WALK,Violence and sexual offences,BT499EN
2015-03,-5.931612,54.591385,ASHBURNE PLACE,Anti-social behaviour,BT71SE
2016-09,-6.487071,54.068567,NEW ROAD,Other theft,BT221EN
2017-11,-7.476794,54.820121,LISNAFIN PARK,Anti-social behaviour,BT829DJ
2017-08,-6.744976,54.645884,CENTRAL AVENUE,Shoplifting,BT203AF
2016-11,-5.94628,54.610117,SHANNON COURT,Criminal damage and arson,BT146DN
2016-02,-5.871096,54.69308,SHANNAGH AVENUE,Violence and sexual offences,BT388XA
2015-06,-5.897915,54.590741,CLARA STREET,Anti-social behaviour,BT679AP
2016-10,-5.697582,54.595289,SHORT STREET,Violence and sexual offences,BT13AF
2016-06,-5.967178,54.681172,GLENVARNA SQUARE,Violence and sexual offences,BT365JG
2016-02,-5.851553,54.616433,KNOCKNAGONEY DRIVE,Anti-social behaviour,BT42QF
2017-09,-6.278335,54.623302,LARGY ROAD,Drugs,BT448BY
2017-05,-5.910271,54.590865,RAVENHILL ROAD,Anti-social behaviour,BT68EF
2016-01,-5.82907,54.455581,LISTOODER PARK,Violence and sexual offences,BT247HY
2017-11,-5.93543,54.595116,GLENGALL STREET,Violence and sexual offences,BT125AB
2015-06,-7.168291,54.550139,DERVAGHROY ROAD,Burglary,BT790TJ
2015-10,-5.951333,54.696197,THE GLADE,Criminal damage and arson,BT365NW
2015-06,-5.96233,54.587243,RODNEY PARADE,Criminal damage and arson,BT126EE
2016-08,-5.936655,54.585891,CAMDEN STREET,Anti-social behaviour,BT96AT
2017-01,-5.908121,54.626454,DARGAN CRESCENT,Burglary,BT39JP
2017-05,-6.373381,54.446366,DRUMGOR HEIGHTS,Violence and sexual offences,BT654AP
2017-01,-6.332671,54.182189,DOWNSHIRE ROAD,Anti-social behaviour,BT189LX
2016-08,-6.655962,55.126993,LODGE PARK,Violence and sexual offences,BT521UN
2017-11,-5.935297,54.586129,UNIVERSITY SQUARE MEWS,Drugs,BT71JU
2015-09,-6.187219,54.720953,SUSSEX SQUARE,Burglary,BT412SL
2016-07,-6.342059,54.469533,GARLAND AVENUE,Anti-social behaviour,BT666JH
2016-05,-5.900508,54.108332,KILKEEL ROAD,Anti-social behaviour,BT344TJ
2017-03,-5.894279,54.589546,QUINTON STREET,Violence and sexual offences,BT55GR
2017-01,-5.716341,54.333327,NEW BRIDGE STREET,Other theft,BT306EX
2015-03,-6.024417,54.565433,COLINMILL,Other theft,BT170AP
2016-07,-7.334944,55.001886,CREGGAN ROAD,Violence and sexual offences,BT799BL
2015-06,-5.92737,54.636794,WAVENEY GROVE,Anti-social behaviour,BT154FW
2017-01,-6.201631,54.714439,HILLCREST,Violence and sexual offences,BT668QU
2016-11,-6.424206,54.421946,ULSTERVILLE GROVE,Criminal damage and arson,BT635EZ
2016-09,-6.261242,54.857385,MEADOWVALE,Other theft,BT667RL
2016-08,-5.713986,54.329221,SAUL STREET,Anti-social behaviour,BT306NQ
2015-07,-5.852788,54.579454,WARREN GROVE,Burglary,BT57PW
2016-09,-6.268005,54.346356,KENLIS COURT,Anti-social behaviour,BT323LW
2015-06,-5.94212,54.568023,BROOMHILL PARK,Anti-social behaviour,BT513AN
2017-10,-5.938663,54.60403,SHANKILL TERRACE,Anti-social behaviour,BT131EN
2017-07,-5.89305,54.599255,CAREW STREET,Criminal damage and arson,BT41HQ
2016-09,-6.366975,55.073809,TOBER ROAD,Anti-social behaviour,BT538JP
2017-01,-5.925292,54.587566,POWERSCOURT PLACE,Criminal damage and arson,BT71FX
2017-03,-6.013387,54.569682,HORN DRIVE,Burglary,BT119GS
2015-06,-6.149529,54.719683,RATHMORE ROAD,Possession of weapons,BT489BS
2016-05,-5.708843,54.593715,CIRCULAR ROAD,Shoplifting,BT234EU
2015-09,-6.23916,55.203568,STRAND COURT,Criminal damage and arson,BT546JZ
2015-10,-5.928635,54.592727,ORMEAU AVENUE,Violence and sexual offences,BT28HB
2016-10,-5.812115,54.859573,FERRIS AVENUE,Other theft,BT401EZ
2016-01,-5.63174,54.654644,FERNMORE ROAD,Violence and sexual offences,BT196DY
2017-03,-6.204961,54.723374,PARKHALL ROAD,Violence and sexual offences,BT411BU
2016-10,-6.093418,54.701913,THE VILLAGE,Other theft,BT390AA
2017-06,-5.909896,54.587606,RAVENHILL CRESCENT,Anti-social behaviour,BT68JU
2017-09,-6.206982,54.713808,CRAIGMORE PARK,Criminal damage and arson,BT411DR
2016-09,-6.26912,54.873058,HUGOMONT AVENUE,Violence and sexual offences,BT436HW
2015-07,-6.411812,54.182783,CARRICK MEADOW,Violence and sexual offences,BT357LJ
2016-04,-5.677821,54.653973,HAZELBROOK AVENUE,Anti-social behaviour,BT203HZ
2015-08,-6.263287,55.198164,RAMOAN GARDENS,Anti-social behaviour,BT118LN
2015-01,-5.920377,54.661805,RATHMORE DRIVE,Other theft,BT379DP
2016-06,-5.968609,54.611833,DONALDSON CRESCENT,Violence and sexual offences,BT133LQ
